<?xml version="1.0"?>
<!DOCTYPE refentry PUBLIC "-//OASIS//DTD DocBook XML V4.5//EN"
  "http://www.oasis-open.org/docbook/xml/4.5/docbookx.dtd">
<!-- SPDX-License-Identifier: LGPL-2.1+ -->

<refsect1>
  <title>Notes</title>

  <para id='pkgconfig-text'>These APIs are implemented as a shared
  library, which can be compiled and linked to with the
  <constant>libsystemd</constant> <citerefentry project='die-net'><refentrytitle>pkg-config</refentrytitle><manvolnum>1</manvolnum></citerefentry>
  file.</para>
</refsect1>
