<?xml version='1.0'?>
<!DOCTYPE refentry PUBLIC "-//OASIS//DTD DocBook XML V4.5//EN"
  "http://www.oasis-open.org/docbook/xml/4.2/docbookx.dtd">
<!-- SPDX-License-Identifier: LGPL-2.1+ -->

<refentry id="sd-hwdb" xmlns:xi="http://www.w3.org/2001/XInclude">

  <refentryinfo>
    <title>sd-hwdb</title>
    <productname>systemd</productname>
  </refentryinfo>

  <refmeta>
    <refentrytitle>sd-hwdb</refentrytitle>
    <manvolnum>3</manvolnum>
  </refmeta>

  <refnamediv>
    <refname>sd-hwdb</refname>
    <refpurpose>Read-only access to the hardware description database</refpurpose>
  </refnamediv>

  <refsynopsisdiv>
    <funcsynopsis>
      <funcsynopsisinfo>#include &lt;systemd/sd-hwdb.h&gt;</funcsynopsisinfo>
    </funcsynopsis>

    <cmdsynopsis>
      <command>pkg-config --cflags --libs libsystemd</command>
    </cmdsynopsis>

  </refsynopsisdiv>

  <refsect1>
    <title>Description</title>

    <para><filename>sd-hwdb.h</filename> allows read-only access the systemd database of hardware properties.
    See <citerefentry><refentrytitle>hwdb</refentrytitle><manvolnum>7</manvolnum></citerefentry> and
    <citerefentry><refentrytitle>systemd-hwdb</refentrytitle><manvolnum>8</manvolnum></citerefentry> for more
    information about the database.</para>

    <para>See <citerefentry><refentrytitle>sd_hwdb_new</refentrytitle><manvolnum>3</manvolnum></citerefentry>
    and <citerefentry><refentrytitle>sd_hwdb_get</refentrytitle><manvolnum>3</manvolnum></citerefentry> for
    information about the functions available.</para>
  </refsect1>

  <xi:include href="libsystemd-pkgconfig.xml" />

  <refsect1>
    <title>See Also</title>
    <para>
      <citerefentry><refentrytitle>systemd</refentrytitle><manvolnum>1</manvolnum></citerefentry>,
      <citerefentry><refentrytitle>systemd-udevd.service</refentrytitle><manvolnum>8</manvolnum></citerefentry>
    </para>
  </refsect1>

</refentry>
