<?xml version="1.0"?>
<!--*-nxml-*-->
<!DOCTYPE refentry PUBLIC "-//OASIS//DTD DocBook XML V4.5//EN"
  "http://www.oasis-open.org/docbook/xml/4.2/docbookx.dtd">
<!-- SPDX-License-Identifier: LGPL-2.1+ -->
<refentry id="systemd-veritysetup@.service" conditional='HAVE_LIBCRYPTSETUP'>

  <refentryinfo>
    <title>systemd-veritysetup@.service</title>
    <productname>systemd</productname>
  </refentryinfo>

  <refmeta>
    <refentrytitle>systemd-veritysetup@.service</refentrytitle>
    <manvolnum>8</manvolnum>
  </refmeta>

  <refnamediv>
    <refname>systemd-veritysetup@.service</refname>
    <refname>systemd-veritysetup</refname>
    <refpurpose>Disk integrity protection logic</refpurpose>
  </refnamediv>

  <refsynopsisdiv>
    <para><filename>systemd-veritysetup@.service</filename></para>
    <para><filename>/usr/lib/systemd/systemd-veritysetup</filename></para>
  </refsynopsisdiv>

  <refsect1>
    <title>Description</title>

    <para><filename>systemd-veritysetup@.service</filename> is a service responsible for setting up integrity
    protection (verity) block devices. It should be instantiated for each device that requires integrity
    protection.</para>

    <para>At early boot and when the system manager configuration is reloaded kernel command line configuration for
    integrity protected block devices is translated into <filename>systemd-veritysetup@.service</filename> units by
    <citerefentry><refentrytitle>systemd-veritysetup-generator</refentrytitle><manvolnum>8</manvolnum></citerefentry>.</para>
  </refsect1>

  <refsect1>
    <title>See Also</title>
    <para>
      <citerefentry><refentrytitle>systemd</refentrytitle><manvolnum>1</manvolnum></citerefentry>,
      <citerefentry><refentrytitle>systemd-veritysetup-generator</refentrytitle><manvolnum>8</manvolnum></citerefentry>,
      <citerefentry project='die-net'><refentrytitle>veritysetup</refentrytitle><manvolnum>8</manvolnum></citerefentry>
     </para>
  </refsect1>

</refentry>
